{"_step":294,"_wandb":{"runtime":156},"loss":0.06868789345026016,"_timestamp":1.750866537727921e+09,"_runtime":156.00019}