{"_wandb":{"runtime":267},"loss":0.04167379438877106,"_timestamp":1.750866951049353e+09,"_runtime":267.670446,"_step":294}