{"_step":294,"_wandb":{"runtime":230},"loss":0.11058837175369263,"_timestamp":1.7508672041848419e+09,"_runtime":230.661169}