{"loss":0.04774223640561104,"_timestamp":1.750866154309568e+09,"_runtime":284.908263,"_wandb":{"runtime":284},"_step":294}